24 Feb 2016 10:20:00:654; ----------------------------------------------------------------------------
24 Feb 2016 10:20:17:228; Test started on localhost.localdomain machine
24 Feb 2016 10:20:17:229; >Start test method: testApplication
24 Feb 2016 10:20:17:241; Execute: findElement(By.name(5)
24 Feb 2016 10:20:17:311; Execute: findElement(By.name(+)
24 Feb 2016 10:20:17:455; Execute: findElement(By.name(4)
24 Feb 2016 10:20:17:505; Execute: findElementByAccessibilityId(equals)
24 Feb 2016 10:20:17:599; Execute: findElement(By.id(com.android.calculator2:id/formula)
24 Feb 2016 10:20:17:692; Execute: waitToBeVisible(five)
24 Feb 2016 10:20:17:781; Execute: click(five)
24 Feb 2016 10:20:18:013; Execute: click(plus)
24 Feb 2016 10:20:18:673; Execute: click(four)
24 Feb 2016 10:20:19:395; Execute: click(Equal)
24 Feb 2016 10:20:20:149; Execute: getText(value)
24 Feb 2016 10:20:21:275; >Success testing method: testApplication
24 Feb 2016 10:20:21:278; $$$$ Test ended! $$$$
24 Feb 2016 10:20:21:280; ----------------------------------------------------------------------------
24 Feb 2016 10:21:30:711; ----------------------------------------------------------------------------
24 Feb 2016 10:21:46:380; Test started on localhost.localdomain machine
24 Feb 2016 10:21:46:381; >Start test method: testHybridApp
24 Feb 2016 10:21:46:391; Execute: findElement(By.id(com.example.testapp:id/urlField)
24 Feb 2016 10:21:46:433; Execute: findElement(By.id(com.example.testapp:id/goButton)
24 Feb 2016 10:21:46:460; Execute: waitToBeVisible(urlField)
24 Feb 2016 10:21:46:501; Execute: waitToBeVisible(goButton)
24 Feb 2016 10:21:46:519; Execute: sendKeys( urlField)
24 Feb 2016 10:21:51:660; Execute: click(goButton)
24 Feb 2016 10:21:53:473; context = NATIVE_APP
24 Feb 2016 10:21:53:473; context = WEBVIEW_com.example.testapp
24 Feb 2016 10:22:00:233; Execute: switchContentToWeb(WEBVIEW_com.example.testapp)
24 Feb 2016 10:22:00:233; Execute: hideKeyboard()
24 Feb 2016 10:22:01:493; Execute: findElement(By.name(q)
24 Feb 2016 10:22:02:100; Execute: waitToBeVisible(searchField)
24 Feb 2016 10:22:02:180; Execute: sendKeys(searchField)
24 Feb 2016 10:22:04:231; Execute: sendKeys( searchField)
24 Feb 2016 10:22:07:962; context = NATIVE_APP
24 Feb 2016 10:22:07:962; context = WEBVIEW_com.example.testapp
24 Feb 2016 10:22:08:114; Execute: switchContentToNative(NATIVE_APP)
24 Feb 2016 10:22:08:114; Execute: clear(urlField)
24 Feb 2016 10:22:14:404; Execute: waitToBeVisible(urlField)
24 Feb 2016 10:22:14:495; Execute: waitToBeVisible(goButton)
24 Feb 2016 10:22:14:532; Execute: sendKeys( urlField)
24 Feb 2016 10:22:20:211; Execute: click(goButton)
24 Feb 2016 10:22:21:065; context = NATIVE_APP
24 Feb 2016 10:22:21:065; context = WEBVIEW_com.example.testapp
24 Feb 2016 10:22:25:323; Execute: switchContentToWeb(WEBVIEW_com.example.testapp)
24 Feb 2016 10:22:25:324; Execute: findElement(By.name(q)
24 Feb 2016 10:22:25:382; Execute: waitToBeVisible(searchField)
24 Feb 2016 10:22:25:500; Execute: sendKeys(searchField)
24 Feb 2016 10:22:26:901; Execute: sendKeys( searchField)
24 Feb 2016 10:22:28:428; >Success testing method: testHybridApp
24 Feb 2016 10:22:28:430; $$$$ Test ended! $$$$
24 Feb 2016 10:22:28:430; ----------------------------------------------------------------------------
24 Feb 2016 10:23:11:315; ----------------------------------------------------------------------------
24 Feb 2016 10:23:26:452; Test started on localhost.localdomain machine
24 Feb 2016 10:23:26:453; >Start test method: testEBayPage
24 Feb 2016 10:23:30:056; Execute: findElement(By.id(kw)
24 Feb 2016 10:23:32:188; Execute: waitToBeVisible(searchBox)
24 Feb 2016 10:23:32:365; Execute: sendKeys(searchBox)
24 Feb 2016 10:23:33:637; Execute: submit(searchBox)
24 Feb 2016 10:23:37:085; Execute: findElement(By.cssSelector(a.homeicon)
24 Feb 2016 10:23:39:975; Execute: findElements(By.cssSelector(div#itemDiv a)
24 Feb 2016 10:23:40:550; Execute: waitListToBeVisible(numberOfResults)
24 Feb 2016 10:23:40:821; Execute: size(numberOfResults)
24 Feb 2016 10:23:40:835; Execute: click(homeButton)
24 Feb 2016 10:23:44:487; >Success testing method: testEBayPage
24 Feb 2016 10:23:44:489; $$$$ Test ended! $$$$
24 Feb 2016 10:23:44:489; ----------------------------------------------------------------------------
24 Feb 2016 10:25:41:642; ----------------------------------------------------------------------------
24 Feb 2016 10:26:00:092; Test started on localhost.localdomain machine
24 Feb 2016 10:26:00:093; >Start test method: testAlert
24 Feb 2016 10:26:00:105; Execute: findElement(By.name(Show Alert)
24 Feb 2016 10:26:00:161; Execute: click(alertElement)
24 Feb 2016 10:26:00:553; Execute: closeAlert(alertElement)
24 Feb 2016 10:26:00:554; Execute: findElement(By.name(No)
24 Feb 2016 10:26:02:419; Execute: click(No)
24 Feb 2016 10:26:05:578; Execute: pressKeyCode(3)
24 Feb 2016 10:26:05:691; >Success testing method: testAlert
24 Feb 2016 10:26:05:694; $$$$ Test ended! $$$$
24 Feb 2016 10:26:05:694; ----------------------------------------------------------------------------
24 Feb 2016 10:26:48:095; ----------------------------------------------------------------------------
24 Feb 2016 10:27:02:198; Test started on localhost.localdomain machine
24 Feb 2016 10:27:02:199; >Start test method: testDragAndDrop
24 Feb 2016 10:27:02:210; Execute: findElement(By.name(Calculator)
24 Feb 2016 10:27:02:355; Execute: pressOnAndMoveToNotVisibleElement(appIcon,Remove)
24 Feb 2016 10:27:02:507; Execute: findElement(By.name(Remove)
24 Feb 2016 10:27:05:279; >Success testing method: testDragAndDrop
24 Feb 2016 10:27:05:282; $$$$ Test ended! $$$$
24 Feb 2016 10:27:05:282; ----------------------------------------------------------------------------
24 Feb 2016 10:28:36:610; ----------------------------------------------------------------------------
24 Feb 2016 10:28:50:144; Test started on localhost.localdomain machine
24 Feb 2016 10:28:50:146; >Start test method: testDial
24 Feb 2016 10:28:50:161; Execute: findElementByAccessibilityId(dial pad)
24 Feb 2016 10:28:50:202; Execute: click(dialPad)
24 Feb 2016 10:28:50:697; Execute: findElementByAccessibilityId(0)
24 Feb 2016 10:28:51:861; Execute: waitToBeVisible(zero)
24 Feb 2016 10:28:52:497; Execute: longPress(zero)
24 Feb 2016 10:28:54:293; Execute: findElementByClassName(android.widget.EditText)
24 Feb 2016 10:28:54:458; Execute: waitToBeVisible(plus)
24 Feb 2016 10:28:54:568; Execute: getText(plus)
24 Feb 2016 10:28:54:719; >Success testing method: testDial
24 Feb 2016 10:28:54:722; $$$$ Test ended! $$$$
24 Feb 2016 10:28:54:723; ----------------------------------------------------------------------------
24 Feb 2016 10:29:20:960; ----------------------------------------------------------------------------
24 Feb 2016 10:29:35:130; Test started on localhost.localdomain machine
24 Feb 2016 10:29:35:131; >Start test method: testPressMove
24 Feb 2016 10:29:35:140; Execute: findElement(By.name(del)
24 Feb 2016 10:29:35:231; Execute: findElement(By.id(com.android.calculator2:id/digit_7)
24 Feb 2016 10:29:35:298; Execute: pressOnAndMoveTo(delButton,digitSeven)
24 Feb 2016 10:29:36:181; >Success testing method: testPressMove
24 Feb 2016 10:29:36:182; $$$$ Test ended! $$$$
24 Feb 2016 10:29:36:183; ----------------------------------------------------------------------------
24 Feb 2016 10:30:45:179; ----------------------------------------------------------------------------
24 Feb 2016 10:31:02:897; Test started on localhost.localdomain machine
24 Feb 2016 10:31:02:897; >Start test method: testSeekBar
24 Feb 2016 10:31:02:904; Execute: findElement(By.id(com.android.androidui:id/seekBar1)
24 Feb 2016 10:31:04:052; >Success testing method: testSeekBar
24 Feb 2016 10:31:04:054; $$$$ Test ended! $$$$
24 Feb 2016 10:31:04:055; ----------------------------------------------------------------------------
24 Feb 2016 10:31:41:479; ----------------------------------------------------------------------------
24 Feb 2016 10:31:58:828; Test started on localhost.localdomain machine
24 Feb 2016 10:31:58:831; >Start test method: testSpinner
24 Feb 2016 10:31:58:838; Execute: findElement(By.id(android:id/text1)
24 Feb 2016 10:31:58:869; Execute: scrollToExact(India)
24 Feb 2016 10:32:07:492; Execute: findElement(By.name(India)
24 Feb 2016 10:32:07:531; Execute: click(option)
24 Feb 2016 10:32:07:793; >Success testing method: testSpinner
24 Feb 2016 10:32:07:798; $$$$ Test ended! $$$$
24 Feb 2016 10:32:07:798; ----------------------------------------------------------------------------
24 Feb 2016 10:32:48:024; ----------------------------------------------------------------------------
24 Feb 2016 10:33:01:200; Test started on localhost.localdomain machine
24 Feb 2016 10:33:01:201; >Start test method: testSwipe
24 Feb 2016 10:33:01:208; Execute: scrollTo(Nikita)
24 Feb 2016 10:33:08:062; >Success testing method: testSwipe
24 Feb 2016 10:33:08:064; $$$$ Test ended! $$$$
24 Feb 2016 10:33:08:065; ----------------------------------------------------------------------------
24 Feb 2016 10:38:36:761; ----------------------------------------------------------------------------
24 Feb 2016 10:38:43:527; Test started on localhost.localdomain machine
24 Feb 2016 10:38:43:528; >Start test method: testDial
24 Feb 2016 10:38:43:539; Execute: findElementByAccessibilityId(dial pad)
24 Feb 2016 10:38:44:149; Execute: click(dialPad)
24 Feb 2016 10:38:44:870; Execute: findElementByAccessibilityId(0)
24 Feb 2016 10:38:46:071; Execute: waitToBeVisible(zero)
24 Feb 2016 10:38:47:206; Execute: longPress(zero)
24 Feb 2016 10:38:52:235; Execute: findElementByClassName(android.widget.EditText)
24 Feb 2016 10:38:52:686; Execute: waitToBeVisible(plus)
24 Feb 2016 10:38:52:761; Execute: getText(plus)
24 Feb 2016 10:38:53:535; >Success testing method: testDial
24 Feb 2016 10:38:53:539; $$$$ Test ended! $$$$
24 Feb 2016 10:38:53:539; ----------------------------------------------------------------------------
24 Feb 2016 10:39:08:272; ----------------------------------------------------------------------------
24 Feb 2016 10:39:14:898; Test started on localhost.localdomain machine
24 Feb 2016 10:39:14:899; >Start test method: testApplication
24 Feb 2016 10:39:14:907; Execute: findElement(By.name(5)
24 Feb 2016 10:39:15:301; Execute: findElement(By.name(+)
24 Feb 2016 10:39:15:361; Execute: findElement(By.name(4)
24 Feb 2016 10:39:15:539; Execute: findElementByAccessibilityId(equals)
24 Feb 2016 10:39:15:784; Execute: findElement(By.id(com.android.calculator2:id/formula)
24 Feb 2016 10:39:15:942; Execute: waitToBeVisible(five)
24 Feb 2016 10:39:15:997; Execute: click(five)
24 Feb 2016 10:39:16:231; Execute: click(plus)
24 Feb 2016 10:39:16:981; Execute: click(four)
24 Feb 2016 10:39:17:756; Execute: click(Equal)
24 Feb 2016 10:39:18:589; Execute: getText(value)
24 Feb 2016 10:39:19:759; >Success testing method: testApplication
24 Feb 2016 10:39:19:761; $$$$ Test ended! $$$$
24 Feb 2016 10:39:19:762; ----------------------------------------------------------------------------
24 Feb 2016 10:40:41:200; ----------------------------------------------------------------------------
24 Feb 2016 10:40:41:200; ----------------------------------------------------------------------------
24 Feb 2016 10:40:50:868; $$$$ Test ended! $$$$
24 Feb 2016 10:40:50:869; ----------------------------------------------------------------------------
24 Feb 2016 10:40:55:715; $$$$ Test ended! $$$$
24 Feb 2016 10:40:55:717; ----------------------------------------------------------------------------
24 Feb 2016 15:36:56:401; ----------------------------------------------------------------------------
24 Feb 2016 15:37:14:423; Test started on localhost.localdomain machine
24 Feb 2016 15:37:14:425; >Start test method: testApplication
24 Feb 2016 15:37:14:440; Execute: findElement(By.name(5)
24 Feb 2016 15:37:14:534; Execute: findElement(By.name(+)
24 Feb 2016 15:37:14:663; Execute: findElement(By.name(4)
24 Feb 2016 15:37:14:724; Execute: findElementByAccessibilityId(equals)
24 Feb 2016 15:37:14:863; Execute: findElement(By.id(com.android.calculator2:id/formula)
24 Feb 2016 15:37:14:887; Execute: waitToBeVisible(five)
24 Feb 2016 15:37:14:934; Execute: click(five)
24 Feb 2016 15:37:15:226; Execute: click(plus)
24 Feb 2016 15:37:15:873; Execute: click(four)
24 Feb 2016 15:37:17:245; Execute: click(Equal)
24 Feb 2016 15:37:18:259; Execute: getText(value)
24 Feb 2016 15:37:20:206; >Success testing method: testApplication
24 Feb 2016 15:37:20:210; $$$$ Test ended! $$$$
24 Feb 2016 15:37:20:210; ----------------------------------------------------------------------------
24 Feb 2016 15:39:03:348; ----------------------------------------------------------------------------
24 Feb 2016 15:39:19:262; Test started on localhost.localdomain machine
24 Feb 2016 15:39:19:263; >Start test method: testHybridApp
24 Feb 2016 15:39:19:275; Execute: findElement(By.id(com.example.testapp:id/urlField)
24 Feb 2016 15:39:19:331; Execute: findElement(By.id(com.example.testapp:id/goButton)
24 Feb 2016 15:39:19:354; Execute: waitToBeVisible(urlField)
24 Feb 2016 15:39:19:390; Execute: waitToBeVisible(goButton)
24 Feb 2016 15:39:19:431; Execute: sendKeys( urlField)
24 Feb 2016 15:39:24:678; Execute: click(goButton)
24 Feb 2016 15:39:26:637; context = NATIVE_APP
24 Feb 2016 15:39:26:638; context = WEBVIEW_com.example.testapp
24 Feb 2016 15:39:32:857; Execute: switchContentToWeb(WEBVIEW_com.example.testapp)
24 Feb 2016 15:39:32:857; Execute: hideKeyboard()
24 Feb 2016 15:39:34:033; Execute: findElement(By.name(q)
24 Feb 2016 15:39:34:486; Execute: waitToBeVisible(searchField)
24 Feb 2016 15:39:34:549; Execute: sendKeys(searchField)
24 Feb 2016 15:39:36:070; Execute: sendKeys( searchField)
24 Feb 2016 15:39:39:713; context = NATIVE_APP
24 Feb 2016 15:39:39:714; context = WEBVIEW_com.example.testapp
24 Feb 2016 15:39:39:834; Execute: switchContentToNative(NATIVE_APP)
24 Feb 2016 15:39:39:835; Execute: clear(urlField)
24 Feb 2016 15:39:46:171; Execute: waitToBeVisible(urlField)
24 Feb 2016 15:39:46:201; Execute: waitToBeVisible(goButton)
24 Feb 2016 15:39:46:223; Execute: sendKeys( urlField)
24 Feb 2016 15:39:51:555; Execute: click(goButton)
24 Feb 2016 15:39:52:408; context = NATIVE_APP
24 Feb 2016 15:39:52:408; context = WEBVIEW_com.example.testapp
24 Feb 2016 15:39:56:728; Execute: switchContentToWeb(WEBVIEW_com.example.testapp)
24 Feb 2016 15:39:56:728; Execute: findElement(By.name(q)
24 Feb 2016 15:39:56:804; Execute: waitToBeVisible(searchField)
24 Feb 2016 15:39:56:983; Execute: sendKeys(searchField)
24 Feb 2016 15:39:58:681; Execute: sendKeys( searchField)
24 Feb 2016 15:40:00:188; >Success testing method: testHybridApp
24 Feb 2016 15:40:00:190; $$$$ Test ended! $$$$
24 Feb 2016 15:40:00:190; ----------------------------------------------------------------------------
24 Feb 2016 15:43:47:771; ----------------------------------------------------------------------------
24 Feb 2016 15:44:02:827; Test started on localhost.localdomain machine
24 Feb 2016 15:44:02:828; >Start test method: testEBayPage
24 Feb 2016 15:44:06:713; Execute: findElement(By.id(kw)
24 Feb 2016 15:44:09:368; Execute: waitToBeVisible(searchBox)
24 Feb 2016 15:44:09:455; Execute: sendKeys(searchBox)
24 Feb 2016 15:44:10:790; Execute: submit(searchBox)
24 Feb 2016 15:44:14:760; Execute: findElement(By.cssSelector(a.homeicon)
24 Feb 2016 15:44:17:297; Execute: findElements(By.cssSelector(div#itemDiv a)
24 Feb 2016 15:44:17:496; Execute: waitListToBeVisible(numberOfResults)
24 Feb 2016 15:44:17:675; Execute: size(numberOfResults)
24 Feb 2016 15:44:17:686; Execute: click(homeButton)
24 Feb 2016 15:44:20:798; >Success testing method: testEBayPage
24 Feb 2016 15:44:20:800; $$$$ Test ended! $$$$
24 Feb 2016 15:44:20:801; ----------------------------------------------------------------------------
24 Feb 2016 15:51:36:477; ----------------------------------------------------------------------------
24 Feb 2016 15:51:42:763; Test started on localhost.localdomain machine
24 Feb 2016 15:51:42:763; >Start test method: testApplication
24 Feb 2016 15:51:42:773; Execute: findElement(By.name(5)
24 Feb 2016 15:51:45:517; Execute: findElement(By.name(+)
24 Feb 2016 15:51:45:573; Execute: findElement(By.name(4)
24 Feb 2016 15:51:45:658; Execute: findElementByAccessibilityId(equals)
24 Feb 2016 15:51:45:727; Execute: findElement(By.id(com.android.calculator2:id/formula)
24 Feb 2016 15:51:45:762; Execute: waitToBeVisible(five)
24 Feb 2016 15:51:45:832; Execute: click(five)
24 Feb 2016 15:51:46:048; Execute: click(plus)
24 Feb 2016 15:51:46:828; Execute: click(four)
24 Feb 2016 15:51:47:496; Execute: click(Equal)
24 Feb 2016 15:51:48:159; Execute: getText(value)
24 Feb 2016 15:51:49:625; >Success testing method: testApplication
24 Feb 2016 15:51:49:627; $$$$ Test ended! $$$$
24 Feb 2016 15:51:49:628; ----------------------------------------------------------------------------
24 Feb 2016 15:52:24:785; ----------------------------------------------------------------------------
24 Feb 2016 15:52:32:203; Test started on localhost.localdomain machine
24 Feb 2016 15:52:32:203; >Start test method: testDial
24 Feb 2016 15:52:32:215; Execute: findElementByAccessibilityId(dial pad)
24 Feb 2016 15:52:32:951; Execute: click(dialPad)
24 Feb 2016 15:52:35:577; Execute: findElementByAccessibilityId(0)
24 Feb 2016 15:52:36:747; Execute: waitToBeVisible(zero)
24 Feb 2016 15:52:39:022; Execute: longPress(zero)
24 Feb 2016 15:52:40:187; Execute: findElementByClassName(android.widget.EditText)
24 Feb 2016 15:52:40:325; Execute: waitToBeVisible(plus)
24 Feb 2016 15:52:41:919; Execute: getText(plus)
24 Feb 2016 15:52:41:959; >Success testing method: testDial
24 Feb 2016 15:52:41:961; $$$$ Test ended! $$$$
24 Feb 2016 15:52:41:962; ----------------------------------------------------------------------------
24 Feb 2016 15:53:49:162; ----------------------------------------------------------------------------
24 Feb 2016 15:53:49:173; ----------------------------------------------------------------------------
24 Feb 2016 15:54:02:051; $$$$ Test ended! $$$$
24 Feb 2016 15:54:02:052; ----------------------------------------------------------------------------
24 Feb 2016 15:54:04:352; $$$$ Test ended! $$$$
24 Feb 2016 15:54:04:353; ----------------------------------------------------------------------------
24 Feb 2016 17:00:10:240; ----------------------------------------------------------------------------
24 Feb 2016 17:00:43:358; ----------------------------------------------------------------------------
24 Feb 2016 17:00:47:205; Test started on localhost.localdomain machine
24 Feb 2016 17:00:47:210; >Start test method: testHybridApp
24 Feb 2016 17:01:09:745; ----------------------------------------------------------------------------
24 Feb 2016 17:01:12:962; Test started on localhost.localdomain machine
24 Feb 2016 17:01:12:965; >Start test method: testHybridApp
24 Feb 2016 17:03:27:735; ----------------------------------------------------------------------------
24 Feb 2016 17:03:43:328; Test started on localhost.localdomain machine
24 Feb 2016 17:03:43:328; >Start test method: testHybridApp
24 Feb 2016 17:03:43:341; Execute: findElement(By.id(com.example.testapp:id/urlField)
24 Feb 2016 17:03:43:391; Execute: findElement(By.id(com.example.testapp:id/goButton)
24 Feb 2016 17:03:43:423; Execute: waitToBeVisible(urlField)
24 Feb 2016 17:03:43:485; Execute: waitToBeVisible(goButton)
24 Feb 2016 17:03:43:510; Execute: sendKeys( urlField)
24 Feb 2016 17:03:48:749; Execute: click(goButton)
24 Feb 2016 17:03:49:933; context = NATIVE_APP
24 Feb 2016 17:03:49:934; context = WEBVIEW_com.example.testapp
24 Feb 2016 17:03:55:579; Execute: switchContentToWeb(WEBVIEW_com.example.testapp)
24 Feb 2016 17:03:55:580; Execute: hideKeyboard()
24 Feb 2016 17:03:56:845; Execute: findElement(By.name(q)
24 Feb 2016 17:03:57:350; Execute: waitToBeVisible(searchField)
24 Feb 2016 17:03:57:431; Execute: sendKeys(searchField)
24 Feb 2016 17:03:59:338; Execute: sendKeys( searchField)
24 Feb 2016 17:04:02:786; context = NATIVE_APP
24 Feb 2016 17:04:02:788; context = WEBVIEW_com.example.testapp
24 Feb 2016 17:04:02:979; Execute: switchContentToNative(NATIVE_APP)
24 Feb 2016 17:04:02:979; Execute: clear(urlField)
24 Feb 2016 17:04:09:599; Execute: waitToBeVisible(urlField)
24 Feb 2016 17:04:09:635; Execute: waitToBeVisible(goButton)
24 Feb 2016 17:04:09:658; Execute: sendKeys( urlField)
24 Feb 2016 17:04:14:969; Execute: click(goButton)
24 Feb 2016 17:04:15:846; context = NATIVE_APP
24 Feb 2016 17:04:15:847; context = WEBVIEW_com.example.testapp
24 Feb 2016 17:04:20:057; Execute: switchContentToWeb(WEBVIEW_com.example.testapp)
24 Feb 2016 17:04:20:058; Execute: findElement(By.name(q)
24 Feb 2016 17:04:20:099; Execute: waitToBeVisible(searchField)
24 Feb 2016 17:04:20:161; Execute: sendKeys(searchField)
24 Feb 2016 17:04:21:556; Execute: sendKeys( searchField)
24 Feb 2016 17:04:22:887; >Success testing method: testHybridApp
24 Feb 2016 17:04:22:898; $$$$ Test ended! $$$$
24 Feb 2016 17:04:22:899; ----------------------------------------------------------------------------
24 Feb 2016 17:06:42:771; ----------------------------------------------------------------------------
24 Feb 2016 17:06:51:690; Test started on localhost.localdomain machine
24 Feb 2016 17:06:51:690; >Start test method: testHybridApp
24 Feb 2016 17:06:51:703; Execute: findElement(By.id(com.example.testapp:id/urlField)
24 Feb 2016 17:06:52:117; Execute: findElement(By.id(com.example.testapp:id/goButton)
24 Feb 2016 17:06:52:834; Execute: waitToBeVisible(urlField)
24 Feb 2016 17:06:52:982; Execute: waitToBeVisible(goButton)
24 Feb 2016 17:06:53:053; Execute: sendKeys( urlField)
24 Feb 2016 17:06:58:464; Execute: click(goButton)
24 Feb 2016 17:06:59:605; context = NATIVE_APP
24 Feb 2016 17:06:59:605; context = WEBVIEW_com.example.testapp
24 Feb 2016 17:07:03:661; Fail to execute: switchContentToWeb(null)
24 Feb 2016 17:07:03:667; >TestFail: testHybridApp on AppTests.HybridTest class 
24 Feb 2016 17:07:03:690; Fail to execute: switchContentToNative(null)
24 Feb 2016 17:07:03:690; >TestFail: testHybridApp on AppTests.HybridTest class 
24 Feb 2016 17:07:03:726; Fail to execute: switchContentToNative(null)
24 Feb 2016 17:07:03:733; $$$$ Test ended! $$$$
24 Feb 2016 17:07:03:735; ----------------------------------------------------------------------------
24 Feb 2016 17:07:59:533; ----------------------------------------------------------------------------
24 Feb 2016 17:08:08:283; Test started on localhost.localdomain machine
24 Feb 2016 17:08:08:284; >Start test method: testHybridApp
24 Feb 2016 17:08:08:294; Execute: findElement(By.id(com.example.testapp:id/urlField)
24 Feb 2016 17:08:09:422; Execute: findElement(By.id(com.example.testapp:id/goButton)
24 Feb 2016 17:08:09:618; Execute: waitToBeVisible(urlField)
24 Feb 2016 17:08:09:714; Execute: waitToBeVisible(goButton)
24 Feb 2016 17:08:09:740; Execute: sendKeys( urlField)
24 Feb 2016 17:08:15:011; Execute: click(goButton)
24 Feb 2016 17:08:16:029; context = NATIVE_APP
24 Feb 2016 17:08:16:030; context = WEBVIEW_com.example.testapp
24 Feb 2016 17:08:20:059; Fail to execute: switchContentToWeb(null)
24 Feb 2016 17:08:20:065; >TestFail: testHybridApp on AppTests.HybridTest class 
24 Feb 2016 17:08:20:104; Fail to execute: switchContentToNative(null)
24 Feb 2016 17:08:20:105; >TestFail: testHybridApp on AppTests.HybridTest class 
24 Feb 2016 17:08:20:127; Fail to execute: switchContentToNative(null)
24 Feb 2016 17:08:20:128; $$$$ Test ended! $$$$
24 Feb 2016 17:08:20:128; ----------------------------------------------------------------------------
24 Feb 2016 17:15:44:825; ----------------------------------------------------------------------------
24 Feb 2016 17:15:53:953; Test started on localhost.localdomain machine
24 Feb 2016 17:15:53:954; >Start test method: testHybridApp
24 Feb 2016 17:15:53:968; Execute: findElement(By.id(com.example.testapp:id/urlField)
24 Feb 2016 17:15:54:664; Execute: findElement(By.id(com.example.testapp:id/goButton)
24 Feb 2016 17:15:55:333; Execute: waitToBeVisible(urlField)
24 Feb 2016 17:15:55:438; Execute: waitToBeVisible(goButton)
24 Feb 2016 17:15:55:501; Execute: sendKeys( urlField)
24 Feb 2016 17:16:01:128; Execute: click(goButton)
24 Feb 2016 17:16:02:214; context = NATIVE_APP
24 Feb 2016 17:16:02:215; context = WEBVIEW_com.example.testapp
24 Feb 2016 17:16:06:278; Fail to execute: switchContentToWeb(null)
24 Feb 2016 17:16:06:287; >TestFail: testHybridApp on AppTests.HybridTest class 
24 Feb 2016 17:16:06:307; Fail to execute: switchContentToNative(null)
24 Feb 2016 17:16:06:308; >TestFail: testHybridApp on AppTests.HybridTest class 
24 Feb 2016 17:16:06:369; Fail to execute: switchContentToNative(null)
24 Feb 2016 17:16:06:371; $$$$ Test ended! $$$$
24 Feb 2016 17:16:06:371; ----------------------------------------------------------------------------
24 Feb 2016 17:26:08:111; ----------------------------------------------------------------------------
24 Feb 2016 17:26:21:715; Test started on localhost.localdomain machine
24 Feb 2016 17:26:21:716; >Start test method: testHybridApp
24 Feb 2016 17:26:21:728; Execute: findElement(By.id(com.example.testapp:id/urlField)
24 Feb 2016 17:26:22:788; Execute: findElement(By.id(com.example.testapp:id/goButton)
24 Feb 2016 17:26:23:317; Execute: waitToBeVisible(urlField)
24 Feb 2016 17:26:23:439; Execute: waitToBeVisible(goButton)
24 Feb 2016 17:26:23:551; Execute: sendKeys( urlField)
24 Feb 2016 17:26:28:482; Execute: click(goButton)
24 Feb 2016 17:26:30:318; context = NATIVE_APP
24 Feb 2016 17:26:30:319; context = WEBVIEW_com.example.testapp
24 Feb 2016 17:26:34:358; Fail to execute: switchContentToWeb(null)
24 Feb 2016 17:26:34:367; >TestFail: testHybridApp on AppTests.HybridTest class 
24 Feb 2016 17:26:34:408; Fail to execute: switchContentToNative(null)
24 Feb 2016 17:26:34:409; >TestFail: testHybridApp on AppTests.HybridTest class 
24 Feb 2016 17:26:34:453; Fail to execute: switchContentToNative(null)
24 Feb 2016 17:26:34:460; $$$$ Test ended! $$$$
24 Feb 2016 17:26:34:460; ----------------------------------------------------------------------------
24 Feb 2016 17:29:10:471; ----------------------------------------------------------------------------
24 Feb 2016 17:29:20:579; Test started on localhost.localdomain machine
24 Feb 2016 17:29:20:580; >Start test method: testHybridApp
24 Feb 2016 17:29:20:589; Execute: findElement(By.id(com.example.testapp:id/urlField)
24 Feb 2016 17:29:21:196; Execute: findElement(By.id(com.example.testapp:id/goButton)
24 Feb 2016 17:29:22:083; Execute: waitToBeVisible(urlField)
24 Feb 2016 17:29:22:155; Execute: waitToBeVisible(goButton)
24 Feb 2016 17:29:22:180; Execute: sendKeys( urlField)
24 Feb 2016 17:29:27:263; Execute: click(goButton)
24 Feb 2016 17:29:28:279; context = NATIVE_APP
24 Feb 2016 17:29:28:279; context = WEBVIEW_com.example.testapp
24 Feb 2016 17:29:32:314; Fail to execute: switchContentToWeb(null)
24 Feb 2016 17:29:32:321; >TestFail: testHybridApp on AppTests.HybridTest class 
24 Feb 2016 17:29:32:391; Fail to execute: switchContentToNative(null)
24 Feb 2016 17:29:32:391; >TestFail: testHybridApp on AppTests.HybridTest class 
24 Feb 2016 17:29:32:479; Fail to execute: switchContentToNative(null)
24 Feb 2016 17:29:32:481; $$$$ Test ended! $$$$
24 Feb 2016 17:29:32:481; ----------------------------------------------------------------------------
24 Feb 2016 17:35:32:349; ----------------------------------------------------------------------------
24 Feb 2016 17:35:42:596; Test started on localhost.localdomain machine
24 Feb 2016 17:35:42:597; >Start test method: testHybridApp
24 Feb 2016 17:35:42:606; Execute: findElement(By.id(com.example.testapp:id/urlField)
24 Feb 2016 17:35:43:349; Execute: findElement(By.id(com.example.testapp:id/goButton)
24 Feb 2016 17:35:43:985; Execute: waitToBeVisible(urlField)
24 Feb 2016 17:35:44:334; Execute: waitToBeVisible(goButton)
24 Feb 2016 17:35:44:370; Execute: sendKeys( urlField)
24 Feb 2016 17:35:49:498; Execute: click(goButton)
24 Feb 2016 17:35:50:440; context = NATIVE_APP
24 Feb 2016 17:35:50:440; context = WEBVIEW_com.example.testapp
24 Feb 2016 17:35:54:471; Fail to execute: switchContentToWeb(null)
24 Feb 2016 17:35:54:481; >TestFail: testHybridApp on AppTests.HybridTest class 
24 Feb 2016 17:35:54:521; Fail to execute: switchContentToNative(null)
24 Feb 2016 17:35:54:522; >TestFail: testHybridApp on AppTests.HybridTest class 
24 Feb 2016 17:35:54:556; Fail to execute: switchContentToNative(null)
24 Feb 2016 17:35:54:557; $$$$ Test ended! $$$$
24 Feb 2016 17:35:54:558; ----------------------------------------------------------------------------
24 Feb 2016 17:40:08:216; ----------------------------------------------------------------------------
24 Feb 2016 17:40:17:222; Test started on localhost.localdomain machine
24 Feb 2016 17:40:17:223; >Start test method: testHybridApp
24 Feb 2016 17:40:17:230; Execute: findElement(By.id(com.example.testapp:id/urlField)
24 Feb 2016 17:40:17:647; Execute: findElement(By.id(com.example.testapp:id/goButton)
24 Feb 2016 17:40:18:378; Execute: waitToBeVisible(urlField)
24 Feb 2016 17:40:18:529; Execute: waitToBeVisible(goButton)
24 Feb 2016 17:40:18:554; Execute: sendKeys( urlField)
24 Feb 2016 17:40:23:735; Execute: click(goButton)
24 Feb 2016 17:40:24:753; context = NATIVE_APP
24 Feb 2016 17:40:24:753; context = WEBVIEW_com.example.testapp
24 Feb 2016 17:40:28:783; Fail to execute: switchContentToWeb(null)
24 Feb 2016 17:40:28:790; >TestFail: testHybridApp on AppTests.HybridTest class 
24 Feb 2016 17:40:28:834; Fail to execute: switchContentToNative(null)
24 Feb 2016 17:40:28:835; >TestFail: testHybridApp on AppTests.HybridTest class 
24 Feb 2016 17:40:28:860; Fail to execute: switchContentToNative(null)
24 Feb 2016 17:40:28:861; $$$$ Test ended! $$$$
24 Feb 2016 17:40:28:861; ----------------------------------------------------------------------------
24 Feb 2016 17:42:57:230; ----------------------------------------------------------------------------
24 Feb 2016 17:43:06:371; Test started on localhost.localdomain machine
24 Feb 2016 17:43:06:372; >Start test method: testHybridApp
24 Feb 2016 17:43:06:381; Execute: findElement(By.id(com.example.testapp:id/urlField)
24 Feb 2016 17:43:07:550; Execute: findElement(By.id(com.example.testapp:id/goButton)
24 Feb 2016 17:43:08:756; Execute: waitToBeVisible(urlField)
24 Feb 2016 17:43:08:818; Execute: waitToBeVisible(goButton)
24 Feb 2016 17:43:08:851; Execute: sendKeys( urlField)
24 Feb 2016 17:43:14:148; Execute: click(goButton)
24 Feb 2016 17:43:16:309; context = NATIVE_APP
24 Feb 2016 17:43:16:309; context = WEBVIEW_com.example.testapp
24 Feb 2016 17:43:20:359; Fail to execute: switchContentToWeb(null)
24 Feb 2016 17:43:20:367; >TestFail: testHybridApp on AppTests.HybridTest class 
24 Feb 2016 17:43:20:393; Fail to execute: switchContentToNative(null)
24 Feb 2016 17:43:20:394; >TestFail: testHybridApp on AppTests.HybridTest class 
24 Feb 2016 17:43:20:449; Fail to execute: switchContentToNative(null)
24 Feb 2016 17:43:20:471; $$$$ Test ended! $$$$
24 Feb 2016 17:43:20:471; ----------------------------------------------------------------------------
24 Feb 2016 17:52:51:025; ----------------------------------------------------------------------------
24 Feb 2016 17:53:11:529; Test started on localhost.localdomain machine
24 Feb 2016 17:53:11:530; >Start test method: testHybridApp
24 Feb 2016 17:53:11:544; Execute: findElement(By.id(com.example.testapp:id/urlField)
24 Feb 2016 17:53:11:587; Execute: findElement(By.id(com.example.testapp:id/goButton)
24 Feb 2016 17:53:11:635; Execute: waitToBeVisible(urlField)
24 Feb 2016 17:53:11:685; Execute: waitToBeVisible(goButton)
24 Feb 2016 17:53:11:722; Execute: sendKeys( urlField)
24 Feb 2016 17:53:16:951; Execute: click(goButton)
24 Feb 2016 17:53:18:364; context = NATIVE_APP
24 Feb 2016 17:53:18:365; context = WEBVIEW_com.example.testapp
24 Feb 2016 17:53:24:030; Execute: switchContentToWeb(WEBVIEW_com.example.testapp)
24 Feb 2016 17:53:24:031; Execute: hideKeyboard()
24 Feb 2016 17:53:25:252; Execute: findElement(By.name(q)
24 Feb 2016 17:53:25:750; Execute: waitToBeVisible(searchField)
24 Feb 2016 17:53:25:858; Execute: sendKeys(searchField)
24 Feb 2016 17:53:27:872; Execute: sendKeys( searchField)
24 Feb 2016 17:53:31:876; context = NATIVE_APP
24 Feb 2016 17:53:31:877; context = WEBVIEW_com.example.testapp
24 Feb 2016 17:53:32:058; Execute: switchContentToNative(NATIVE_APP)
24 Feb 2016 17:53:32:058; Execute: clear(urlField)
24 Feb 2016 17:53:38:391; Execute: waitToBeVisible(urlField)
24 Feb 2016 17:53:38:448; Execute: waitToBeVisible(goButton)
24 Feb 2016 17:53:38:477; Execute: sendKeys( urlField)
24 Feb 2016 17:53:43:803; Execute: click(goButton)
24 Feb 2016 17:53:44:629; context = NATIVE_APP
24 Feb 2016 17:53:44:629; context = WEBVIEW_com.example.testapp
24 Feb 2016 17:53:48:999; Execute: switchContentToWeb(WEBVIEW_com.example.testapp)
24 Feb 2016 17:53:49:000; Execute: findElement(By.name(q)
24 Feb 2016 17:53:49:112; Execute: waitToBeVisible(searchField)
24 Feb 2016 17:53:49:363; Execute: sendKeys(searchField)
24 Feb 2016 17:53:51:112; Execute: sendKeys( searchField)
24 Feb 2016 17:53:53:041; >Success testing method: testHybridApp
24 Feb 2016 17:53:53:043; $$$$ Test ended! $$$$
24 Feb 2016 17:53:53:043; ----------------------------------------------------------------------------
24 Feb 2016 17:54:30:115; ----------------------------------------------------------------------------
24 Feb 2016 17:54:46:067; Test started on localhost.localdomain machine
24 Feb 2016 17:54:46:068; >Start test method: testHybridApp
24 Feb 2016 17:54:46:079; Execute: findElement(By.id(com.example.testapp:id/urlField)
24 Feb 2016 17:54:46:126; Execute: findElement(By.id(com.example.testapp:id/goButton)
24 Feb 2016 17:54:46:148; Execute: waitToBeVisible(urlField)
24 Feb 2016 17:54:46:213; Execute: waitToBeVisible(goButton)
24 Feb 2016 17:54:46:231; Execute: sendKeys( urlField)
24 Feb 2016 17:54:51:429; Execute: click(goButton)
24 Feb 2016 17:54:52:403; context = NATIVE_APP
24 Feb 2016 17:54:52:404; context = WEBVIEW_com.example.testapp
24 Feb 2016 17:54:58:614; Execute: switchContentToWeb(WEBVIEW_com.example.testapp)
24 Feb 2016 17:54:58:615; Execute: hideKeyboard()
24 Feb 2016 17:54:59:860; Execute: findElement(By.name(q)
24 Feb 2016 17:55:00:435; Execute: waitToBeVisible(searchField)
24 Feb 2016 17:55:00:527; Execute: sendKeys(searchField)
24 Feb 2016 17:55:02:585; Execute: sendKeys( searchField)
24 Feb 2016 17:55:05:722; context = NATIVE_APP
24 Feb 2016 17:55:05:723; context = WEBVIEW_com.example.testapp
24 Feb 2016 17:55:05:910; Execute: switchContentToNative(NATIVE_APP)
24 Feb 2016 17:55:05:911; Execute: clear(urlField)
24 Feb 2016 17:55:12:458; Execute: waitToBeVisible(urlField)
24 Feb 2016 17:55:12:510; Execute: waitToBeVisible(goButton)
24 Feb 2016 17:55:12:563; Execute: sendKeys( urlField)
24 Feb 2016 17:55:17:826; Execute: click(goButton)
24 Feb 2016 17:55:18:662; context = NATIVE_APP
24 Feb 2016 17:55:18:662; context = WEBVIEW_com.example.testapp
24 Feb 2016 17:55:22:999; Execute: switchContentToWeb(WEBVIEW_com.example.testapp)
24 Feb 2016 17:55:23:004; Execute: findElement(By.name(q)
24 Feb 2016 17:55:23:076; Execute: waitToBeVisible(searchField)
24 Feb 2016 17:55:23:284; Execute: sendKeys(searchField)
24 Feb 2016 17:55:25:039; Execute: sendKeys( searchField)
24 Feb 2016 17:55:26:346; >Success testing method: testHybridApp
24 Feb 2016 17:55:26:348; $$$$ Test ended! $$$$
24 Feb 2016 17:55:26:351; ----------------------------------------------------------------------------
24 Feb 2016 17:59:21:625; ----------------------------------------------------------------------------
24 Feb 2016 17:59:30:693; Test started on localhost.localdomain machine
24 Feb 2016 17:59:30:694; >Start test method: testHybridApp
24 Feb 2016 17:59:30:714; Execute: findElement(By.id(com.example.testapp:id/urlField)
24 Feb 2016 17:59:31:275; Execute: findElement(By.id(com.example.testapp:id/goButton)
24 Feb 2016 17:59:31:969; Execute: waitToBeVisible(urlField)
24 Feb 2016 17:59:32:094; Execute: waitToBeVisible(goButton)
24 Feb 2016 17:59:32:123; Execute: sendKeys( urlField)
24 Feb 2016 17:59:37:416; Execute: click(goButton)
24 Feb 2016 17:59:38:434; context = NATIVE_APP
24 Feb 2016 17:59:38:434; context = WEBVIEW_com.example.testapp
24 Feb 2016 17:59:42:493; Fail to execute: switchContentToWeb(null)
24 Feb 2016 17:59:42:498; >TestFail: testHybridApp on AppTests.HybridTest class 
24 Feb 2016 17:59:42:539; Fail to execute: switchContentToNative(null)
24 Feb 2016 17:59:42:540; >TestFail: testHybridApp on AppTests.HybridTest class 
24 Feb 2016 17:59:42:623; Fail to execute: switchContentToNative(null)
24 Feb 2016 17:59:42:632; $$$$ Test ended! $$$$
24 Feb 2016 17:59:42:632; ----------------------------------------------------------------------------
24 Feb 2016 18:06:41:872; ----------------------------------------------------------------------------
24 Feb 2016 18:06:52:687; Test started on localhost.localdomain machine
24 Feb 2016 18:06:52:688; >Start test method: testHybridApp
24 Feb 2016 18:06:52:711; Execute: findElement(By.id(com.example.testapp:id/urlField)
24 Feb 2016 18:06:53:300; Execute: findElement(By.id(com.example.testapp:id/goButton)
24 Feb 2016 18:06:53:915; Execute: waitToBeVisible(urlField)
24 Feb 2016 18:06:53:972; Execute: waitToBeVisible(goButton)
24 Feb 2016 18:06:54:021; Execute: sendKeys( urlField)
24 Feb 2016 18:06:59:251; Execute: click(goButton)
24 Feb 2016 18:07:00:194; context = NATIVE_APP
24 Feb 2016 18:07:00:194; context = WEBVIEW_com.example.testapp
24 Feb 2016 18:07:05:237; Fail to execute: switchContentToWeb(null)
24 Feb 2016 18:07:05:242; >TestFail: testHybridApp on AppTests.HybridTest class 
24 Feb 2016 18:07:05:297; Fail to execute: switchContentToNative(null)
24 Feb 2016 18:07:05:298; >TestFail: testHybridApp on AppTests.HybridTest class 
24 Feb 2016 18:07:05:342; Fail to execute: switchContentToNative(null)
24 Feb 2016 18:07:05:344; $$$$ Test ended! $$$$
24 Feb 2016 18:07:05:344; ----------------------------------------------------------------------------
24 Feb 2016 18:13:30:822; ----------------------------------------------------------------------------
24 Feb 2016 18:13:43:190; Test started on localhost.localdomain machine
24 Feb 2016 18:13:43:191; >Start test method: testHybridApp
24 Feb 2016 18:13:43:207; Execute: findElement(By.id(com.example.testapp:id/urlField)
24 Feb 2016 18:13:44:042; Execute: findElement(By.id(com.example.testapp:id/goButton)
24 Feb 2016 18:13:45:001; Execute: waitToBeVisible(urlField)
24 Feb 2016 18:13:45:082; Execute: waitToBeVisible(goButton)
24 Feb 2016 18:13:45:108; Execute: sendKeys( urlField)
24 Feb 2016 18:13:50:337; Execute: click(goButton)
24 Feb 2016 18:13:51:584; context = NATIVE_APP
24 Feb 2016 18:13:51:584; context = WEBVIEW_com.example.testapp
24 Feb 2016 18:13:55:646; Fail to execute: switchContentToWeb(null)
24 Feb 2016 18:13:55:654; >TestFail: testHybridApp on AppTests.HybridTest class 
24 Feb 2016 18:13:55:667; Fail to execute: switchContentToNative(null)
24 Feb 2016 18:13:55:668; >TestFail: testHybridApp on AppTests.HybridTest class 
24 Feb 2016 18:13:55:702; Fail to execute: switchContentToNative(null)
24 Feb 2016 18:13:55:703; $$$$ Test ended! $$$$
24 Feb 2016 18:13:55:704; ----------------------------------------------------------------------------
24 Feb 2016 18:27:49:829; ----------------------------------------------------------------------------
24 Feb 2016 18:27:58:973; Test started on localhost.localdomain machine
24 Feb 2016 18:27:58:974; >Start test method: testHybridApp
24 Feb 2016 18:27:58:986; Execute: findElement(By.id(com.example.testapp:id/urlField)
24 Feb 2016 18:27:59:438; Execute: findElement(By.id(com.example.testapp:id/goButton)
24 Feb 2016 18:28:00:284; Execute: waitToBeVisible(urlField)
24 Feb 2016 18:28:00:439; Execute: waitToBeVisible(goButton)
24 Feb 2016 18:28:00:480; Execute: sendKeys( urlField)
24 Feb 2016 18:28:05:685; Execute: click(goButton)
24 Feb 2016 18:28:06:651; context = NATIVE_APP
24 Feb 2016 18:28:06:652; context = WEBVIEW_com.example.testapp
24 Feb 2016 18:28:08:212; Execute: switchContentToWeb(WEBVIEW_com.example.testapp)
24 Feb 2016 18:28:08:214; Execute: hideKeyboard()
24 Feb 2016 18:28:10:613; Execute: findElement(By.name(q)
24 Feb 2016 18:28:10:872; Execute: waitToBeVisible(searchField)
24 Feb 2016 18:28:10:990; Execute: sendKeys(searchField)
24 Feb 2016 18:28:13:339; Execute: sendKeys( searchField)
24 Feb 2016 18:28:17:019; context = NATIVE_APP
24 Feb 2016 18:28:17:020; context = WEBVIEW_com.example.testapp
24 Feb 2016 18:28:18:465; Execute: switchContentToNative(NATIVE_APP)
24 Feb 2016 18:28:18:466; Execute: clear(urlField)
24 Feb 2016 18:28:24:253; Execute: waitToBeVisible(urlField)
24 Feb 2016 18:28:24:290; Execute: waitToBeVisible(goButton)
24 Feb 2016 18:28:24:340; Execute: sendKeys( urlField)
24 Feb 2016 18:28:29:626; Execute: click(goButton)
24 Feb 2016 18:28:30:515; context = NATIVE_APP
24 Feb 2016 18:28:30:515; context = WEBVIEW_com.example.testapp
24 Feb 2016 18:28:31:300; Execute: switchContentToWeb(WEBVIEW_com.example.testapp)
24 Feb 2016 18:28:31:301; Execute: findElement(By.name(q)
24 Feb 2016 18:28:31:807; Execute: waitToBeVisible(searchField)
24 Feb 2016 18:28:32:030; Execute: sendKeys(searchField)
24 Feb 2016 18:28:33:868; Execute: sendKeys( searchField)
24 Feb 2016 18:28:35:509; >Success testing method: testHybridApp
24 Feb 2016 18:28:35:510; $$$$ Test ended! $$$$
24 Feb 2016 18:28:35:511; ----------------------------------------------------------------------------
24 Feb 2016 18:31:37:047; ----------------------------------------------------------------------------
24 Feb 2016 18:31:46:150; Test started on localhost.localdomain machine
24 Feb 2016 18:31:46:150; >Start test method: testHybridApp
24 Feb 2016 18:31:46:156; Execute: findElement(By.id(com.example.testapp:id/urlField)
24 Feb 2016 18:31:46:712; Execute: findElement(By.id(com.example.testapp:id/goButton)
24 Feb 2016 18:31:47:510; Execute: waitToBeVisible(urlField)
24 Feb 2016 18:31:47:756; Execute: waitToBeVisible(goButton)
24 Feb 2016 18:31:47:820; Execute: sendKeys( urlField)
24 Feb 2016 18:31:53:068; Execute: click(goButton)
24 Feb 2016 18:31:54:105; context = NATIVE_APP
24 Feb 2016 18:31:54:106; context = WEBVIEW_com.example.testapp
24 Feb 2016 18:31:57:298; Execute: switchContentToWeb(WEBVIEW_com.example.testapp)
24 Feb 2016 18:31:57:301; Execute: hideKeyboard()
24 Feb 2016 18:31:58:517; Execute: findElement(By.name(q)
24 Feb 2016 18:31:58:758; Execute: waitToBeVisible(searchField)
24 Feb 2016 18:31:58:904; Execute: sendKeys(searchField)
24 Feb 2016 18:32:00:704; Execute: sendKeys( searchField)
24 Feb 2016 18:32:02:465; context = NATIVE_APP
24 Feb 2016 18:32:02:470; context = WEBVIEW_com.example.testapp
24 Feb 2016 18:32:02:640; Execute: switchContentToNative(NATIVE_APP)
24 Feb 2016 18:32:02:640; Execute: clear(urlField)
24 Feb 2016 18:32:13:467; Execute: waitToBeVisible(urlField)
24 Feb 2016 18:32:13:515; Execute: waitToBeVisible(goButton)
24 Feb 2016 18:32:13:558; Execute: sendKeys( urlField)
24 Feb 2016 18:32:18:861; Execute: click(goButton)
24 Feb 2016 18:32:19:721; context = NATIVE_APP
24 Feb 2016 18:32:19:722; context = WEBVIEW_com.example.testapp
24 Feb 2016 18:32:20:380; Execute: switchContentToWeb(WEBVIEW_com.example.testapp)
24 Feb 2016 18:32:20:380; Execute: findElement(By.name(q)
24 Feb 2016 18:32:21:380; Execute: waitToBeVisible(searchField)
24 Feb 2016 18:32:21:678; Execute: sendKeys(searchField)
24 Feb 2016 18:32:23:308; Execute: sendKeys( searchField)
24 Feb 2016 18:32:25:761; >Success testing method: testHybridApp
24 Feb 2016 18:32:25:763; $$$$ Test ended! $$$$
24 Feb 2016 18:32:25:763; ----------------------------------------------------------------------------
24 Feb 2016 18:33:39:257; ----------------------------------------------------------------------------
24 Feb 2016 18:33:54:496; Test started on localhost.localdomain machine
24 Feb 2016 18:33:54:497; >Start test method: testHybridApp
24 Feb 2016 18:33:54:504; Execute: findElement(By.id(com.example.testapp:id/urlField)
24 Feb 2016 18:33:54:552; Execute: findElement(By.id(com.example.testapp:id/goButton)
24 Feb 2016 18:33:54:604; Execute: waitToBeVisible(urlField)
24 Feb 2016 18:33:54:646; Execute: waitToBeVisible(goButton)
24 Feb 2016 18:33:54:686; Execute: sendKeys( urlField)
24 Feb 2016 18:34:00:073; Execute: click(goButton)
24 Feb 2016 18:34:01:048; context = NATIVE_APP
24 Feb 2016 18:34:01:049; context = WEBVIEW_com.example.testapp
24 Feb 2016 18:34:02:638; Execute: switchContentToWeb(WEBVIEW_com.example.testapp)
24 Feb 2016 18:34:02:638; Execute: hideKeyboard()
24 Feb 2016 18:34:04:616; Execute: findElement(By.name(q)
24 Feb 2016 18:34:05:619; Execute: waitToBeVisible(searchField)
24 Feb 2016 18:34:05:808; Execute: sendKeys(searchField)
24 Feb 2016 18:34:08:276; Execute: sendKeys( searchField)
24 Feb 2016 18:34:11:632; context = NATIVE_APP
24 Feb 2016 18:34:11:633; context = WEBVIEW_com.example.testapp
24 Feb 2016 18:34:11:807; Execute: switchContentToNative(NATIVE_APP)
24 Feb 2016 18:34:11:807; Execute: clear(urlField)
24 Feb 2016 18:34:18:205; Execute: waitToBeVisible(urlField)
24 Feb 2016 18:34:18:247; Execute: waitToBeVisible(goButton)
24 Feb 2016 18:34:18:279; Execute: sendKeys( urlField)
24 Feb 2016 18:34:23:608; Execute: click(goButton)
24 Feb 2016 18:34:24:608; context = NATIVE_APP
24 Feb 2016 18:34:24:609; context = WEBVIEW_com.example.testapp
24 Feb 2016 18:34:25:514; Execute: switchContentToWeb(WEBVIEW_com.example.testapp)
24 Feb 2016 18:34:25:515; Execute: findElement(By.name(q)
24 Feb 2016 18:34:25:903; Execute: waitToBeVisible(searchField)
24 Feb 2016 18:34:26:253; Execute: sendKeys(searchField)
24 Feb 2016 18:34:27:988; Execute: sendKeys( searchField)
24 Feb 2016 18:34:30:108; >Success testing method: testHybridApp
24 Feb 2016 18:34:30:117; $$$$ Test ended! $$$$
24 Feb 2016 18:34:30:118; ----------------------------------------------------------------------------
24 Feb 2016 18:35:39:518; ----------------------------------------------------------------------------
24 Feb 2016 18:35:55:553; Test started on localhost.localdomain machine
24 Feb 2016 18:35:55:556; >Start test method: testEBayPage
24 Feb 2016 18:35:59:063; Execute: findElement(By.id(kw)
24 Feb 2016 18:36:01:728; Execute: waitToBeVisible(searchBox)
24 Feb 2016 18:36:01:823; Execute: sendKeys(searchBox)
24 Feb 2016 18:36:03:232; Execute: submit(searchBox)
24 Feb 2016 18:36:06:945; Execute: findElement(By.cssSelector(a.homeicon)
24 Feb 2016 18:36:09:807; Execute: findElements(By.cssSelector(div#itemDiv a)
24 Feb 2016 18:36:10:126; Execute: waitListToBeVisible(numberOfResults)
24 Feb 2016 18:36:10:244; Execute: size(numberOfResults)
24 Feb 2016 18:36:10:249; Execute: click(homeButton)
24 Feb 2016 18:36:13:956; >Success testing method: testEBayPage
24 Feb 2016 18:36:13:961; $$$$ Test ended! $$$$
24 Feb 2016 18:36:13:961; ----------------------------------------------------------------------------
24 Feb 2016 18:37:45:438; ----------------------------------------------------------------------------
24 Feb 2016 18:38:00:785; Test started on localhost.localdomain machine
24 Feb 2016 18:38:00:786; >Start test method: testHybridApp
24 Feb 2016 18:38:00:800; Execute: findElement(By.id(com.example.testapp:id/urlField)
24 Feb 2016 18:38:00:836; Execute: findElement(By.id(com.example.testapp:id/goButton)
24 Feb 2016 18:38:00:860; Execute: waitToBeVisible(urlField)
24 Feb 2016 18:38:00:900; Execute: waitToBeVisible(goButton)
24 Feb 2016 18:38:00:933; Execute: sendKeys( urlField)
24 Feb 2016 18:38:06:198; Execute: click(goButton)
24 Feb 2016 18:38:07:261; context = NATIVE_APP
24 Feb 2016 18:38:07:262; context = WEBVIEW_com.example.testapp
24 Feb 2016 18:38:11:258; Execute: switchContentToWeb(WEBVIEW_com.example.testapp)
24 Feb 2016 18:38:11:259; Execute: hideKeyboard()
24 Feb 2016 18:38:12:619; Execute: findElement(By.name(q)
24 Feb 2016 18:38:13:047; Execute: waitToBeVisible(searchField)
24 Feb 2016 18:38:13:113; Execute: sendKeys(searchField)
24 Feb 2016 18:38:15:112; Execute: sendKeys( searchField)
24 Feb 2016 18:38:16:652; context = NATIVE_APP
24 Feb 2016 18:38:16:652; context = WEBVIEW_com.example.testapp
24 Feb 2016 18:38:16:799; Execute: switchContentToNative(NATIVE_APP)
24 Feb 2016 18:38:16:800; Execute: clear(urlField)
24 Feb 2016 18:38:28:015; Execute: waitToBeVisible(urlField)
24 Feb 2016 18:38:28:046; Execute: waitToBeVisible(goButton)
24 Feb 2016 18:38:28:092; Execute: sendKeys( urlField)
24 Feb 2016 18:38:33:384; Execute: click(goButton)
24 Feb 2016 18:38:34:473; context = NATIVE_APP
24 Feb 2016 18:38:34:473; context = WEBVIEW_com.example.testapp
24 Feb 2016 18:38:35:650; Execute: switchContentToWeb(WEBVIEW_com.example.testapp)
24 Feb 2016 18:38:35:651; Execute: findElement(By.name(q)
24 Feb 2016 18:38:35:839; Execute: waitToBeVisible(searchField)
24 Feb 2016 18:38:36:020; Execute: sendKeys(searchField)
24 Feb 2016 18:38:37:683; Execute: sendKeys( searchField)
24 Feb 2016 18:38:39:607; >Success testing method: testHybridApp
24 Feb 2016 18:38:39:613; $$$$ Test ended! $$$$
24 Feb 2016 18:38:39:614; ----------------------------------------------------------------------------
24 Feb 2016 18:38:51:474; ----------------------------------------------------------------------------
24 Feb 2016 18:39:08:858; Test started on localhost.localdomain machine
24 Feb 2016 18:39:08:859; >Start test method: testEBayPage
24 Feb 2016 18:39:17:649; Execute: findElement(By.id(kw)
24 Feb 2016 18:39:18:840; Execute: waitToBeVisible(searchBox)
24 Feb 2016 18:39:19:002; Execute: sendKeys(searchBox)
24 Feb 2016 18:39:21:267; Execute: submit(searchBox)
24 Feb 2016 18:39:25:465; Execute: findElement(By.cssSelector(a.homeicon)
24 Feb 2016 18:39:27:394; Execute: findElements(By.cssSelector(div#itemDiv a)
24 Feb 2016 18:39:27:540; Execute: waitListToBeVisible(numberOfResults)
24 Feb 2016 18:39:27:742; Execute: size(numberOfResults)
24 Feb 2016 18:39:27:746; Execute: click(homeButton)
24 Feb 2016 18:39:32:014; >Success testing method: testEBayPage
24 Feb 2016 18:39:32:016; $$$$ Test ended! $$$$
24 Feb 2016 18:39:32:017; ----------------------------------------------------------------------------
24 Feb 2016 20:45:08:828; ----------------------------------------------------------------------------
24 Feb 2016 20:45:25:800; Test started on localhost.localdomain machine
24 Feb 2016 20:45:25:801; >Start test method: testApplication
24 Feb 2016 20:45:25:814; Execute: findElement(By.name(5)
24 Feb 2016 20:45:25:891; Execute: findElement(By.name(+)
24 Feb 2016 20:45:25:965; Execute: findElement(By.name(4)
24 Feb 2016 20:45:26:015; Execute: findElementByAccessibilityId(equals)
24 Feb 2016 20:45:26:078; Execute: findElement(By.id(com.android.calculator2:id/formula)
24 Feb 2016 20:45:26:179; Execute: waitToBeVisible(five)
24 Feb 2016 20:45:26:279; Execute: click(five)
24 Feb 2016 20:45:26:564; Execute: click(plus)
24 Feb 2016 20:45:27:765; Execute: click(four)
24 Feb 2016 20:45:28:545; Execute: click(Equal)
24 Feb 2016 20:45:29:716; Execute: getText(value)
24 Feb 2016 20:45:31:079; >Success testing method: testApplication
24 Feb 2016 20:45:31:086; $$$$ Test ended! $$$$
24 Feb 2016 20:45:31:086; ----------------------------------------------------------------------------
24 Feb 2016 20:50:35:973; ----------------------------------------------------------------------------
24 Feb 2016 20:50:51:348; Test started on localhost.localdomain machine
24 Feb 2016 20:50:51:349; >Start test method: testHybridApp
24 Feb 2016 20:50:51:359; Execute: findElement(By.id(com.example.testapp:id/urlField)
24 Feb 2016 20:50:51:400; Execute: findElement(By.id(com.example.testapp:id/goButton)
24 Feb 2016 20:50:51:423; Execute: waitToBeVisible(urlField)
24 Feb 2016 20:50:51:476; Execute: waitToBeVisible(goButton)
24 Feb 2016 20:50:51:507; Execute: sendKeys(urlField)
24 Feb 2016 20:50:56:578; Execute: click(goButton)
24 Feb 2016 20:50:57:865; context = NATIVE_APP
24 Feb 2016 20:50:57:866; context = WEBVIEW_com.example.testapp
24 Feb 2016 20:51:01:130; Execute: switchContentToWeb(WEBVIEW_com.example.testapp)
24 Feb 2016 20:51:01:130; Execute: hideKeyboard()
24 Feb 2016 20:51:02:398; Execute: findElement(By.name(q)
24 Feb 2016 20:51:02:709; Execute: waitToBeVisible(searchField)
24 Feb 2016 20:51:02:840; Execute: sendKeys(searchField)
24 Feb 2016 20:51:05:089; Execute: sendKeys( searchField)
24 Feb 2016 20:51:08:437; context = NATIVE_APP
24 Feb 2016 20:51:08:438; context = WEBVIEW_com.example.testapp
24 Feb 2016 20:51:08:588; Execute: switchContentToNative(NATIVE_APP)
24 Feb 2016 20:51:08:588; Execute: clear( urlField)
24 Feb 2016 20:51:15:160; Execute: waitToBeVisible(urlField)
24 Feb 2016 20:51:15:183; Execute: waitToBeVisible(goButton)
24 Feb 2016 20:51:15:218; Execute: sendKeys(urlField)
24 Feb 2016 20:51:20:441; Execute: click(goButton)
24 Feb 2016 20:51:21:256; context = NATIVE_APP
24 Feb 2016 20:51:21:256; context = WEBVIEW_com.example.testapp
24 Feb 2016 20:51:21:953; Execute: switchContentToWeb(WEBVIEW_com.example.testapp)
24 Feb 2016 20:51:21:953; Execute: findElement(By.name(q)
24 Feb 2016 20:51:22:643; Execute: waitToBeVisible(searchField)
24 Feb 2016 20:51:22:837; Execute: sendKeys(searchField)
24 Feb 2016 20:51:24:545; Execute: sendKeys( searchField)
24 Feb 2016 20:51:25:729; >Success testing method: testHybridApp
24 Feb 2016 20:51:25:731; $$$$ Test ended! $$$$
24 Feb 2016 20:51:25:731; ----------------------------------------------------------------------------
24 Feb 2016 20:52:35:428; ----------------------------------------------------------------------------
24 Feb 2016 20:52:43:828; Test started on localhost.localdomain machine
24 Feb 2016 20:52:43:829; >Start test method: testHybridApp
24 Feb 2016 20:52:43:844; Execute: findElement(By.id(com.example.testapp:id/urlField)
24 Feb 2016 20:52:44:660; Execute: findElement(By.id(com.example.testapp:id/goButton)
24 Feb 2016 20:52:45:301; Execute: waitToBeVisible(urlField)
24 Feb 2016 20:52:45:376; Execute: waitToBeVisible(goButton)
24 Feb 2016 20:52:45:476; Execute: sendKeys(urlField)
24 Feb 2016 20:52:50:706; Execute: click(goButton)
24 Feb 2016 20:52:51:658; context = NATIVE_APP
24 Feb 2016 20:52:51:659; context = WEBVIEW_com.example.testapp
24 Feb 2016 20:52:54:497; Execute: switchContentToWeb(WEBVIEW_com.example.testapp)
24 Feb 2016 20:52:54:498; Execute: hideKeyboard()
24 Feb 2016 20:52:55:773; Execute: findElement(By.name(q)
24 Feb 2016 20:52:56:134; Execute: waitToBeVisible(searchField)
24 Feb 2016 20:52:56:232; Execute: sendKeys(searchField)
24 Feb 2016 20:52:58:329; Execute: sendKeys( searchField)
24 Feb 2016 20:53:01:791; context = NATIVE_APP
24 Feb 2016 20:53:01:792; context = WEBVIEW_com.example.testapp
24 Feb 2016 20:53:01:938; Execute: switchContentToNative(NATIVE_APP)
24 Feb 2016 20:53:01:939; Execute: clear( urlField)
24 Feb 2016 20:53:08:434; Execute: waitToBeVisible(urlField)
24 Feb 2016 20:53:08:458; Execute: waitToBeVisible(goButton)
24 Feb 2016 20:53:08:494; Execute: sendKeys(urlField)
24 Feb 2016 20:53:13:709; Execute: click(goButton)
24 Feb 2016 20:53:14:552; context = NATIVE_APP
24 Feb 2016 20:53:14:553; context = WEBVIEW_com.example.testapp
24 Feb 2016 20:53:15:257; Execute: switchContentToWeb(WEBVIEW_com.example.testapp)
24 Feb 2016 20:53:15:257; Execute: findElement(By.name(q)
24 Feb 2016 20:53:15:536; Execute: waitToBeVisible(searchField)
24 Feb 2016 20:53:15:828; Execute: sendKeys(searchField)
24 Feb 2016 20:53:17:517; Execute: sendKeys( searchField)
24 Feb 2016 20:53:18:552; >Success testing method: testHybridApp
24 Feb 2016 20:53:18:556; $$$$ Test ended! $$$$
24 Feb 2016 20:53:18:556; ----------------------------------------------------------------------------
24 Feb 2016 20:54:44:658; ----------------------------------------------------------------------------
24 Feb 2016 20:54:52:895; Test started on localhost.localdomain machine
24 Feb 2016 20:54:52:896; >Start test method: testEBayPage
24 Feb 2016 20:56:17:376; Execute: findElement(By.id(kw)
24 Feb 2016 20:56:18:881; Fail to execute: findElement(By.id(kw)
24 Feb 2016 20:56:18:888; Execute: waitToBeVisible(searchBox)
24 Feb 2016 20:56:18:952; Fail to execute: waitToBeVisible( searchBox)
24 Feb 2016 20:56:18:969; >TestFail: testEBayPage on AppTests.WebTest class 
24 Feb 2016 20:56:19:024; Fail to execute: switchContentToNative(null)
24 Feb 2016 20:56:19:024; >TestFail: testEBayPage on AppTests.WebTest class 
24 Feb 2016 20:56:19:062; Fail to execute: switchContentToNative(null)
24 Feb 2016 20:56:19:064; $$$$ Test ended! $$$$
24 Feb 2016 20:56:19:064; ----------------------------------------------------------------------------
24 Feb 2016 20:58:11:911; ----------------------------------------------------------------------------
24 Feb 2016 20:58:20:586; Test started on localhost.localdomain machine
24 Feb 2016 20:58:20:587; >Start test method: testEBayPage
24 Feb 2016 20:58:32:736; Execute: findElement(By.id(kw)
24 Feb 2016 20:58:35:882; Execute: waitToBeVisible(searchBox)
24 Feb 2016 20:58:36:048; Execute: sendKeys(searchBox)
24 Feb 2016 20:58:37:725; Execute: submit(searchBox)
24 Feb 2016 20:58:47:291; Execute: findElement(By.cssSelector(a.homeicon)
24 Feb 2016 20:58:49:382; Execute: findElements(By.cssSelector(div#itemDiv a)
24 Feb 2016 20:58:49:644; Execute: waitListToBeVisible(numberOfResults)
24 Feb 2016 20:58:49:779; Execute: size(numberOfResults)
24 Feb 2016 20:58:49:783; Execute: click(homeButton)
24 Feb 2016 20:58:57:202; >Success testing method: testEBayPage
24 Feb 2016 20:58:57:208; $$$$ Test ended! $$$$
24 Feb 2016 20:58:57:208; ----------------------------------------------------------------------------
24 Feb 2016 21:00:34:606; ----------------------------------------------------------------------------
24 Feb 2016 21:00:46:591; Test started on localhost.localdomain machine
24 Feb 2016 21:00:46:593; >Start test method: testAlert
24 Feb 2016 21:00:46:613; Execute: findElement(By.name(Show Alert)
24 Feb 2016 21:00:48:657; Execute: click(alertElement)
24 Feb 2016 21:00:48:990; Execute: closeAlert(alertElement)
24 Feb 2016 21:00:48:995; Execute: findElement(By.name(No)
24 Feb 2016 21:00:50:770; Execute: click(No)
24 Feb 2016 21:00:53:960; Execute: pressKeyCode(3)
24 Feb 2016 21:00:54:058; >Success testing method: testAlert
24 Feb 2016 21:00:54:063; $$$$ Test ended! $$$$
24 Feb 2016 21:00:54:063; ----------------------------------------------------------------------------
24 Feb 2016 21:09:14:519; ----------------------------------------------------------------------------
24 Feb 2016 21:09:21:135; Test started on localhost.localdomain machine
24 Feb 2016 21:09:21:136; >Start test method: testDragAndDrop
24 Feb 2016 21:09:21:145; Execute: findElement(By.name(Calculator)
24 Feb 2016 21:09:21:441; Execute: pressOnAndMoveToNotVisibleElement(appIcon,Remove)
24 Feb 2016 21:09:25:129; Execute: findElement(By.name(Remove)
24 Feb 2016 21:09:26:764; >Success testing method: testDragAndDrop
24 Feb 2016 21:09:26:768; $$$$ Test ended! $$$$
24 Feb 2016 21:09:26:768; ----------------------------------------------------------------------------
24 Feb 2016 21:09:39:350; ----------------------------------------------------------------------------
24 Feb 2016 21:09:51:050; Test started on localhost.localdomain machine
24 Feb 2016 21:09:51:050; >Start test method: testAlert
24 Feb 2016 21:09:51:058; Execute: findElement(By.name(Show Alert)
24 Feb 2016 21:09:52:902; Execute: click(alertElement)
24 Feb 2016 21:09:53:257; Execute: closeAlert(alertElement)
24 Feb 2016 21:09:53:258; Execute: findElement(By.name(No)
24 Feb 2016 21:09:54:997; Execute: click(No)
24 Feb 2016 21:09:58:158; Execute: pressKeyCode(3)
24 Feb 2016 21:09:58:275; >Success testing method: testAlert
24 Feb 2016 21:09:58:285; $$$$ Test ended! $$$$
24 Feb 2016 21:09:58:286; ----------------------------------------------------------------------------
24 Feb 2016 21:10:37:219; ----------------------------------------------------------------------------
24 Feb 2016 21:10:43:804; Test started on localhost.localdomain machine
24 Feb 2016 21:10:43:805; >Start test method: testDial
24 Feb 2016 21:10:43:821; Execute: findElementByAccessibilityId(dial pad)
24 Feb 2016 21:10:47:353; Execute: click(dialPad)
24 Feb 2016 21:10:47:659; Execute: findElementByAccessibilityId(0)
24 Feb 2016 21:10:48:892; Execute: waitToBeVisible(zero)
24 Feb 2016 21:10:49:398; Execute: longPress(zero)
24 Feb 2016 21:10:51:264; Execute: waitToBeVisible(null)
24 Feb 2016 21:10:51:273; Fail to execute: waitToBeVisible( null)
24 Feb 2016 21:10:51:280; >TestFail: testDial on AdvaceUserInteraction.LongPressTest class 
24 Feb 2016 21:10:51:341; context = NATIVE_APP
24 Feb 2016 21:10:51:396; Execute: switchContentToNative(NATIVE_APP)
24 Feb 2016 21:10:54:340; $$$$ Test ended! $$$$
24 Feb 2016 21:10:54:340; ----------------------------------------------------------------------------
24 Feb 2016 21:11:35:192; ----------------------------------------------------------------------------
24 Feb 2016 21:11:41:735; Test started on localhost.localdomain machine
24 Feb 2016 21:11:41:736; >Start test method: testPressMove
24 Feb 2016 21:11:41:754; Execute: findElement(By.name(del)
24 Feb 2016 21:11:43:131; Execute: findElement(By.id(com.android.calculator2:id/digit_7)
24 Feb 2016 21:11:43:173; Execute: pressOnAndMoveTo(delButton,digitSeven)
24 Feb 2016 21:11:44:072; >Success testing method: testPressMove
24 Feb 2016 21:11:44:075; $$$$ Test ended! $$$$
24 Feb 2016 21:11:44:075; ----------------------------------------------------------------------------
24 Feb 2016 21:12:30:659; ----------------------------------------------------------------------------
24 Feb 2016 21:12:40:663; Test started on localhost.localdomain machine
24 Feb 2016 21:12:40:664; >Start test method: testSeekBar
24 Feb 2016 21:12:40:671; Execute: findElement(By.id(com.android.androidui:id/seekBar1)
24 Feb 2016 21:12:43:611; >Success testing method: testSeekBar
24 Feb 2016 21:12:43:614; $$$$ Test ended! $$$$
24 Feb 2016 21:12:43:614; ----------------------------------------------------------------------------
24 Feb 2016 21:13:24:218; ----------------------------------------------------------------------------
24 Feb 2016 21:13:34:229; Test started on localhost.localdomain machine
24 Feb 2016 21:13:34:230; >Start test method: testSpinner
24 Feb 2016 21:13:34:236; Execute: findElement(By.id(android:id/text1)
24 Feb 2016 21:13:34:870; Execute: scrollToExact(India)
24 Feb 2016 21:13:44:129; Execute: findElement(By.name(India)
24 Feb 2016 21:13:44:173; Execute: click(option)
24 Feb 2016 21:13:44:405; >Success testing method: testSpinner
24 Feb 2016 21:13:44:410; $$$$ Test ended! $$$$
24 Feb 2016 21:13:44:410; ----------------------------------------------------------------------------
24 Feb 2016 21:16:39:106; ----------------------------------------------------------------------------
24 Feb 2016 21:16:45:820; Test started on localhost.localdomain machine
24 Feb 2016 21:16:45:820; >Start test method: testSwipe
24 Feb 2016 21:16:45:827; Execute: scrollTo(Nikita)
24 Feb 2016 21:16:54:876; >Success testing method: testSwipe
24 Feb 2016 21:16:54:880; $$$$ Test ended! $$$$
24 Feb 2016 21:16:54:880; ----------------------------------------------------------------------------
24 Feb 2016 21:21:33:494; ----------------------------------------------------------------------------
24 Feb 2016 21:21:40:096; Test started on localhost.localdomain machine
24 Feb 2016 21:21:40:096; >Start test method: testApplication
24 Feb 2016 21:21:40:105; Execute: findElement(By.name(5)
24 Feb 2016 21:21:41:298; Execute: findElement(By.name(+)
24 Feb 2016 21:21:42:748; Execute: findElement(By.name(4)
24 Feb 2016 21:21:42:825; Execute: findElementByAccessibilityId(equals)
24 Feb 2016 21:21:42:912; Execute: findElement(By.id(com.android.calculator2:id/formula)
24 Feb 2016 21:21:42:938; Execute: waitToBeVisible(five)
24 Feb 2016 21:21:43:027; Execute: click(five)
24 Feb 2016 21:21:43:234; Execute: click(plus)
24 Feb 2016 21:21:43:896; Execute: click(four)
24 Feb 2016 21:21:44:584; Execute: click(Equal)
24 Feb 2016 21:21:45:231; Execute: getText(value)
24 Feb 2016 21:21:46:293; >Success testing method: testApplication
24 Feb 2016 21:21:46:297; $$$$ Test ended! $$$$
24 Feb 2016 21:21:46:297; ----------------------------------------------------------------------------
24 Feb 2016 21:22:10:142; ----------------------------------------------------------------------------
24 Feb 2016 21:22:18:643; Test started on localhost.localdomain machine
24 Feb 2016 21:22:18:644; >Start test method: testHybridApp
24 Feb 2016 21:22:18:653; Execute: findElement(By.id(com.example.testapp:id/urlField)
24 Feb 2016 21:22:19:107; Execute: findElement(By.id(com.example.testapp:id/goButton)
24 Feb 2016 21:22:19:960; Execute: waitToBeVisible(urlField)
24 Feb 2016 21:22:20:021; Execute: waitToBeVisible(goButton)
24 Feb 2016 21:22:20:070; Execute: sendKeys(urlField)
24 Feb 2016 21:22:25:297; Execute: click(goButton)
24 Feb 2016 21:22:26:356; context = NATIVE_APP
24 Feb 2016 21:22:26:356; context = WEBVIEW_com.example.testapp
24 Feb 2016 21:22:28:827; Execute: switchContentToWeb(WEBVIEW_com.example.testapp)
24 Feb 2016 21:22:28:829; Execute: hideKeyboard()
24 Feb 2016 21:22:30:105; Execute: findElement(By.name(q)
24 Feb 2016 21:22:51:874; Execute: waitToBeVisible(searchField)
24 Feb 2016 21:22:51:955; Execute: sendKeys(searchField)
24 Feb 2016 21:22:55:289; Execute: sendKeys( searchField)
24 Feb 2016 21:22:56:870; context = NATIVE_APP
24 Feb 2016 21:22:56:871; context = WEBVIEW_com.example.testapp
24 Feb 2016 21:22:57:199; Execute: switchContentToNative(NATIVE_APP)
24 Feb 2016 21:22:57:200; Execute: clear( urlField)
24 Feb 2016 21:23:11:364; Execute: waitToBeVisible(urlField)
24 Feb 2016 21:23:11:396; Execute: waitToBeVisible(goButton)
24 Feb 2016 21:23:11:435; Execute: sendKeys(urlField)
24 Feb 2016 21:23:16:710; Execute: click(goButton)
24 Feb 2016 21:23:17:740; context = NATIVE_APP
24 Feb 2016 21:23:17:740; context = WEBVIEW_com.example.testapp
24 Feb 2016 21:23:18:770; Execute: switchContentToWeb(WEBVIEW_com.example.testapp)
24 Feb 2016 21:23:18:770; Execute: findElement(By.name(q)
24 Feb 2016 21:23:19:848; Execute: waitToBeVisible(searchField)
24 Feb 2016 21:23:20:073; Execute: sendKeys(searchField)
24 Feb 2016 21:23:21:782; Execute: sendKeys( searchField)
24 Feb 2016 21:23:23:346; >Success testing method: testHybridApp
24 Feb 2016 21:23:23:352; $$$$ Test ended! $$$$
24 Feb 2016 21:23:23:353; ----------------------------------------------------------------------------
24 Feb 2016 21:23:41:158; ----------------------------------------------------------------------------
24 Feb 2016 21:23:49:729; Test started on localhost.localdomain machine
24 Feb 2016 21:23:49:729; >Start test method: testEBayPage
24 Feb 2016 21:26:03:666; Execute: findElement(By.id(kw)
24 Feb 2016 21:26:04:708; Fail to execute: findElement(By.id(kw)
24 Feb 2016 21:26:04:708; Execute: waitToBeVisible(searchBox)
24 Feb 2016 21:26:04:727; Fail to execute: waitToBeVisible( searchBox)
24 Feb 2016 21:26:04:734; >TestFail: testEBayPage on AppTests.WebTest class 
24 Feb 2016 21:26:04:758; Fail to execute: switchContentToNative(null)
24 Feb 2016 21:26:04:759; >TestFail: testEBayPage on AppTests.WebTest class 
24 Feb 2016 21:26:04:770; Fail to execute: switchContentToNative(null)
24 Feb 2016 21:26:04:771; $$$$ Test ended! $$$$
24 Feb 2016 21:26:04:771; ----------------------------------------------------------------------------
24 Feb 2016 22:11:14:517; ----------------------------------------------------------------------------
24 Feb 2016 22:11:26:166; Test started on localhost.localdomain machine
24 Feb 2016 22:11:26:167; >Start test method: testEBayPage
24 Feb 2016 22:11:32:581; Execute: findElement(By.id(kw)
24 Feb 2016 22:11:34:914; Execute: waitToBeVisible(searchBox)
24 Feb 2016 22:11:35:134; Execute: sendKeys(searchBox)
24 Feb 2016 22:11:36:424; Execute: submit(searchBox)
24 Feb 2016 22:11:40:809; Execute: findElement(By.cssSelector(a.homeicon)
24 Feb 2016 22:11:43:296; Execute: findElements(By.cssSelector(div#itemDiv a)
24 Feb 2016 22:11:43:552; Execute: waitListToBeVisible(numberOfResults)
24 Feb 2016 22:11:43:765; Execute: size(numberOfResults)
24 Feb 2016 22:11:43:774; Execute: click(homeButton)
24 Feb 2016 22:11:50:818; >Success testing method: testEBayPage
24 Feb 2016 22:11:50:823; $$$$ Test ended! $$$$
24 Feb 2016 22:11:50:823; ----------------------------------------------------------------------------
24 Feb 2016 22:12:31:667; ----------------------------------------------------------------------------
24 Feb 2016 22:12:42:723; Test started on localhost.localdomain machine
24 Feb 2016 22:12:42:723; >Start test method: testEBayPage
24 Feb 2016 22:12:51:493; Execute: findElement(By.id(kw)
24 Feb 2016 22:12:52:725; Execute: waitToBeVisible(searchBox)
24 Feb 2016 22:12:52:965; Execute: sendKeys(searchBox)
24 Feb 2016 22:12:54:447; Execute: submit(searchBox)
24 Feb 2016 22:12:58:286; Execute: findElement(By.cssSelector(a.homeicon)
24 Feb 2016 22:13:00:192; Execute: findElements(By.cssSelector(div.stpFxht a)
24 Feb 2016 22:13:30:353; Execute: waitListToBeVisible(numberOfResults)
24 Feb 2016 22:14:00:513; Fail to execute: waitListToBeVisible(numberOfResults)
24 Feb 2016 22:14:00:522; >TestFail: testEBayPage on AppTests.WebTest class 
24 Feb 2016 22:14:00:540; context = NATIVE_APP
24 Feb 2016 22:14:00:541; context = WEBVIEW_1
24 Feb 2016 22:14:00:555; Execute: switchContentToNative(NATIVE_APP)
24 Feb 2016 22:14:03:167; $$$$ Test ended! $$$$
24 Feb 2016 22:14:03:168; ----------------------------------------------------------------------------
24 Feb 2016 22:22:13:352; ----------------------------------------------------------------------------
24 Feb 2016 22:22:20:278; Test started on localhost.localdomain machine
24 Feb 2016 22:22:20:279; >Start test method: testApplication
24 Feb 2016 22:22:20:292; Execute: findElement(By.name(5)
24 Feb 2016 22:22:21:897; Execute: findElement(By.name(+)
24 Feb 2016 22:22:21:963; Execute: findElement(By.name(4)
24 Feb 2016 22:22:22:166; Execute: findElementByAccessibilityId(equals)
24 Feb 2016 22:22:22:258; Execute: findElement(By.id(com.android.calculator2:id/formula)
24 Feb 2016 22:22:22:365; Execute: waitToBeVisible(five)
24 Feb 2016 22:22:22:463; Execute: click(five)
24 Feb 2016 22:22:22:732; Execute: click(plus)
24 Feb 2016 22:22:23:488; Execute: click(four)
24 Feb 2016 22:22:24:225; Execute: click(Equal)
24 Feb 2016 22:22:24:826; Execute: getText(value)
24 Feb 2016 22:22:25:946; >Success testing method: testApplication
24 Feb 2016 22:22:25:948; $$$$ Test ended! $$$$
24 Feb 2016 22:22:25:948; ----------------------------------------------------------------------------
24 Feb 2016 22:22:37:662; ----------------------------------------------------------------------------
24 Feb 2016 22:22:46:499; Test started on localhost.localdomain machine
24 Feb 2016 22:22:46:500; >Start test method: testHybridApp
24 Feb 2016 22:22:46:513; Execute: findElement(By.id(com.example.testapp:id/urlField)
24 Feb 2016 22:22:47:200; Execute: findElement(By.id(com.example.testapp:id/goButton)
24 Feb 2016 22:22:47:623; Execute: waitToBeVisible(urlField)
24 Feb 2016 22:22:47:716; Execute: waitToBeVisible(goButton)
24 Feb 2016 22:22:47:832; Execute: sendKeys(urlField)
24 Feb 2016 22:22:54:294; Execute: click(goButton)
24 Feb 2016 22:22:55:307; context = NATIVE_APP
24 Feb 2016 22:22:55:307; context = WEBVIEW_com.example.testapp
24 Feb 2016 22:22:59:081; Execute: switchContentToWeb(WEBVIEW_com.example.testapp)
24 Feb 2016 22:22:59:081; Execute: hideKeyboard()
24 Feb 2016 22:23:00:647; Execute: findElement(By.name(q)
24 Feb 2016 22:23:00:733; Execute: waitToBeVisible(searchField)
24 Feb 2016 22:23:00:807; Execute: sendKeys(searchField)
24 Feb 2016 22:23:03:159; Execute: sendKeys( searchField)
24 Feb 2016 22:23:07:277; context = NATIVE_APP
24 Feb 2016 22:23:07:278; context = WEBVIEW_com.example.testapp
24 Feb 2016 22:23:07:509; Execute: switchContentToNative(NATIVE_APP)
24 Feb 2016 22:23:07:518; Execute: clear( urlField)
24 Feb 2016 22:23:17:309; Execute: waitToBeVisible(urlField)
24 Feb 2016 22:23:17:346; Execute: waitToBeVisible(goButton)
24 Feb 2016 22:23:17:411; Execute: sendKeys(urlField)
24 Feb 2016 22:23:22:799; Execute: click(goButton)
24 Feb 2016 22:23:23:664; context = NATIVE_APP
24 Feb 2016 22:23:23:664; context = WEBVIEW_com.example.testapp
24 Feb 2016 22:23:24:434; Execute: switchContentToWeb(WEBVIEW_com.example.testapp)
24 Feb 2016 22:23:24:434; Execute: findElement(By.name(q)
24 Feb 2016 22:23:25:050; Execute: waitToBeVisible(searchField)
24 Feb 2016 22:23:25:337; Execute: sendKeys(searchField)
24 Feb 2016 22:23:26:962; Execute: sendKeys( searchField)
24 Feb 2016 22:23:28:157; >Success testing method: testHybridApp
24 Feb 2016 22:23:28:161; $$$$ Test ended! $$$$
24 Feb 2016 22:23:28:161; ----------------------------------------------------------------------------
24 Feb 2016 22:23:42:926; ----------------------------------------------------------------------------
24 Feb 2016 22:23:46:053; Test started on localhost.localdomain machine
24 Feb 2016 22:23:46:063; >Start test method: testEBayPage
24 Feb 2016 22:26:16:996; ----------------------------------------------------------------------------
24 Feb 2016 22:26:19:859; Test started on localhost.localdomain machine
24 Feb 2016 22:26:19:865; >Start test method: testEBayPage
24 Feb 2016 22:28:22:016; ----------------------------------------------------------------------------
24 Feb 2016 22:28:31:185; Test started on localhost.localdomain machine
24 Feb 2016 22:28:31:186; >Start test method: testEBayPage
24 Feb 2016 22:28:37:964; Execute: findElement(By.id(kw)
24 Feb 2016 22:28:45:685; Execute: waitToBeVisible(searchBox)
24 Feb 2016 22:28:45:786; Execute: sendKeys(searchBox)
24 Feb 2016 22:28:47:095; Execute: submit(searchBox)
24 Feb 2016 22:28:51:279; Execute: findElement(By.cssSelector(a.homeicon)
24 Feb 2016 22:28:54:197; Execute: findElements(By.cssSelector(div#itemDiv a)
24 Feb 2016 22:28:54:479; Execute: waitListToBeVisible(numberOfResults)
24 Feb 2016 22:28:54:623; Execute: size(numberOfResults)
24 Feb 2016 22:28:54:629; Execute: click(homeButton)
24 Feb 2016 22:28:57:801; >Success testing method: testEBayPage
24 Feb 2016 22:28:57:808; $$$$ Test ended! $$$$
24 Feb 2016 22:28:57:808; ----------------------------------------------------------------------------
24 Feb 2016 22:29:17:736; ----------------------------------------------------------------------------
24 Feb 2016 22:29:28:675; Test started on localhost.localdomain machine
24 Feb 2016 22:29:28:676; >Start test method: testAlert
24 Feb 2016 22:29:28:684; Execute: findElement(By.name(Show Alert)
24 Feb 2016 22:29:29:812; Execute: click(alertElement)
24 Feb 2016 22:29:30:249; Execute: closeAlert(alertElement)
24 Feb 2016 22:29:30:250; Execute: findElement(By.name(No)
24 Feb 2016 22:29:30:830; Execute: click(No)
24 Feb 2016 22:29:34:519; Execute: pressKeyCode(3)
24 Feb 2016 22:29:34:717; >Success testing method: testAlert
24 Feb 2016 22:29:34:720; $$$$ Test ended! $$$$
24 Feb 2016 22:29:34:720; ----------------------------------------------------------------------------
24 Feb 2016 22:29:48:288; ----------------------------------------------------------------------------
24 Feb 2016 22:29:58:290; Test started on localhost.localdomain machine
24 Feb 2016 22:29:58:290; >Start test method: testAlert
24 Feb 2016 22:29:58:299; Execute: findElement(By.name(Show Alert)
24 Feb 2016 22:29:59:339; Execute: click(alertElement)
24 Feb 2016 22:29:59:664; Execute: closeAlert(alertElement)
24 Feb 2016 22:29:59:665; Execute: findElement(By.name(No)
24 Feb 2016 22:30:01:119; Execute: click(No)
24 Feb 2016 22:30:04:293; Execute: pressKeyCode(3)
24 Feb 2016 22:30:04:379; >Success testing method: testAlert
24 Feb 2016 22:30:04:381; $$$$ Test ended! $$$$
24 Feb 2016 22:30:04:381; ----------------------------------------------------------------------------
24 Feb 2016 22:30:13:263; ----------------------------------------------------------------------------
24 Feb 2016 22:30:19:550; Test started on localhost.localdomain machine
24 Feb 2016 22:30:19:551; >Start test method: testDragAndDrop
24 Feb 2016 22:30:19:570; Execute: findElement(By.name(Calculator)
24 Feb 2016 22:30:19:948; Execute: pressOnAndMoveToNotVisibleElement(appIcon,Remove)
24 Feb 2016 22:30:21:600; Execute: findElement(By.name(Remove)
24 Feb 2016 22:30:23:539; >Success testing method: testDragAndDrop
24 Feb 2016 22:30:23:541; $$$$ Test ended! $$$$
24 Feb 2016 22:30:23:547; ----------------------------------------------------------------------------
24 Feb 2016 22:30:34:089; ----------------------------------------------------------------------------
24 Feb 2016 22:30:40:424; Test started on localhost.localdomain machine
24 Feb 2016 22:30:40:425; >Start test method: testDial
24 Feb 2016 22:30:40:440; Execute: findElementByAccessibilityId(dial pad)
24 Feb 2016 22:30:43:638; Execute: click(dialPad)
24 Feb 2016 22:30:44:408; Execute: findElementByAccessibilityId(0)
24 Feb 2016 22:30:45:656; Execute: waitToBeVisible(zero)
24 Feb 2016 22:30:46:140; Execute: longPress(zero)
24 Feb 2016 22:30:47:390; Execute: waitToBeVisible(null)
24 Feb 2016 22:30:47:396; Fail to execute: waitToBeVisible( null)
24 Feb 2016 22:30:47:411; >TestFail: testDial on AdvaceUserInteraction.LongPressTest class 
24 Feb 2016 22:30:47:536; context = NATIVE_APP
24 Feb 2016 22:30:47:623; Execute: switchContentToNative(NATIVE_APP)
24 Feb 2016 22:30:50:236; $$$$ Test ended! $$$$
24 Feb 2016 22:30:50:236; ----------------------------------------------------------------------------
24 Feb 2016 22:32:16:727; ----------------------------------------------------------------------------
24 Feb 2016 22:32:23:122; Test started on localhost.localdomain machine
24 Feb 2016 22:32:23:123; >Start test method: testDial
24 Feb 2016 22:32:23:132; Execute: findElementByAccessibilityId(dial pad)
24 Feb 2016 22:32:23:954; Execute: click(dialPad)
24 Feb 2016 22:32:24:721; Execute: findElementByAccessibilityId(0)
24 Feb 2016 22:32:25:996; Execute: waitToBeVisible(zero)
24 Feb 2016 22:32:26:539; Execute: longPress(zero)
24 Feb 2016 22:32:27:796; Execute: waitToBeVisible(null)
24 Feb 2016 22:32:27:798; Fail to execute: waitToBeVisible( null)
24 Feb 2016 22:32:27:805; >TestFail: testDial on AdvaceUserInteraction.LongPressTest class 
24 Feb 2016 22:32:27:880; context = NATIVE_APP
24 Feb 2016 22:32:27:942; Execute: switchContentToNative(NATIVE_APP)
24 Feb 2016 22:32:29:964; $$$$ Test ended! $$$$
24 Feb 2016 22:32:29:964; ----------------------------------------------------------------------------
24 Feb 2016 22:37:38:023; ----------------------------------------------------------------------------
24 Feb 2016 22:37:44:525; Test started on localhost.localdomain machine
24 Feb 2016 22:37:44:526; >Start test method: testDial
24 Feb 2016 22:37:44:536; Execute: findElementByAccessibilityId(dial pad)
24 Feb 2016 22:37:45:375; Execute: click(dialPad)
24 Feb 2016 22:37:46:188; Execute: findElementByAccessibilityId(0)
24 Feb 2016 22:37:47:420; Execute: waitToBeVisible(zero)
24 Feb 2016 22:37:47:934; Execute: longPress(zero)
24 Feb 2016 22:37:49:091; Execute: findElement(By.className(android.widget.EditText)
24 Feb 2016 22:37:49:257; Execute: waitToBeVisible(plus)
24 Feb 2016 22:37:49:295; Execute: getText(plus)
24 Feb 2016 22:37:49:411; >Success testing method: testDial
24 Feb 2016 22:37:49:415; $$$$ Test ended! $$$$
24 Feb 2016 22:37:49:415; ----------------------------------------------------------------------------
24 Feb 2016 22:38:23:561; ----------------------------------------------------------------------------
24 Feb 2016 22:38:30:237; Test started on localhost.localdomain machine
24 Feb 2016 22:38:30:238; >Start test method: testPressMove
24 Feb 2016 22:38:30:246; Execute: findElement(By.name(del)
24 Feb 2016 22:38:31:590; Execute: findElement(By.id(com.android.calculator2:id/digit_7)
24 Feb 2016 22:38:31:631; Execute: pressOnAndMoveTo(delButton,digitSeven)
24 Feb 2016 22:38:32:524; >Success testing method: testPressMove
24 Feb 2016 22:38:32:526; $$$$ Test ended! $$$$
24 Feb 2016 22:38:32:526; ----------------------------------------------------------------------------
24 Feb 2016 22:38:43:238; ----------------------------------------------------------------------------
24 Feb 2016 22:38:53:242; Test started on localhost.localdomain machine
24 Feb 2016 22:38:53:243; >Start test method: testSeekBar
24 Feb 2016 22:38:53:251; Execute: findElement(By.id(com.android.androidui:id/seekBar1)
24 Feb 2016 22:38:55:767; >Success testing method: testSeekBar
24 Feb 2016 22:38:55:772; $$$$ Test ended! $$$$
24 Feb 2016 22:38:55:773; ----------------------------------------------------------------------------
24 Feb 2016 22:39:06:409; ----------------------------------------------------------------------------
24 Feb 2016 22:39:16:242; Test started on localhost.localdomain machine
24 Feb 2016 22:39:16:244; >Start test method: testSpinner
24 Feb 2016 22:39:16:252; Execute: findElement(By.id(android:id/text1)
24 Feb 2016 22:39:16:912; Execute: scrollToExact(India)
24 Feb 2016 22:39:24:486; Execute: findElement(By.name(India)
24 Feb 2016 22:39:24:749; Execute: click(option)
24 Feb 2016 22:39:24:942; >Success testing method: testSpinner
24 Feb 2016 22:39:24:943; $$$$ Test ended! $$$$
24 Feb 2016 22:39:24:944; ----------------------------------------------------------------------------
24 Feb 2016 22:39:36:579; ----------------------------------------------------------------------------
24 Feb 2016 22:39:42:775; Test started on localhost.localdomain machine
24 Feb 2016 22:39:42:778; >Start test method: testSwipe
24 Feb 2016 22:39:42:789; Execute: scrollTo(Nikita)
24 Feb 2016 22:39:49:962; >Success testing method: testSwipe
24 Feb 2016 22:39:49:965; $$$$ Test ended! $$$$
24 Feb 2016 22:39:49:965; ----------------------------------------------------------------------------
24 Feb 2016 22:45:03:123; ----------------------------------------------------------------------------
24 Feb 2016 22:45:03:124; ----------------------------------------------------------------------------
24 Feb 2016 22:45:14:521; $$$$ Test ended! $$$$
24 Feb 2016 22:45:14:522; ----------------------------------------------------------------------------
24 Feb 2016 22:45:15:331; $$$$ Test ended! $$$$
24 Feb 2016 22:45:15:334; ----------------------------------------------------------------------------
